{"cameraMode":{"drawMode":0,"name":"Shaded","section":"Shading Mode"},"sceneLighting":true,"audioPlay":false,"sceneViewState":{"showFog":true,"showMaterialUpdate":false,"showSkybox":true,"showFlares":true,"showImageEffects":true,"showParticleSystems":true,"showVisualEffectGraphs":true,"m_FxEnabled":true},"in2DMode":false,"pivot":{"x":695.911376953125,"y":186.33737182617188,"z":515.5105590820313},"rotation":{"x":0.06918250769376755,"y":-0.043689608573913577,"z":0.0032309568487107755,"w":0.9966871738433838},"size":380.096923828125,"orthographic":false}